.github/actions/upload-evidence/action.yml	e73421d4a2025995bc37cf079e9d96b25519bf29	98b77c958a71cdfaf1936be7f80ea3f3ec1a019510b92a61a53831f05bd32a03
.github/actions/upload-evidence/index.js	2a04f3852784d07c339b671750464bc9f228a0c2	cbc7c4c6d791a218c0f0c1891f471cb2244fc4de873d27dafa709799d4882837
.github/workflows/candidate-identity-manifest.yml	683a8dbad7564060d46c03d1c09e9d759a230b2a	4bb9c33201d5c01d3f5587ff2c880175b51cbe45a2de6abb99490c5ddc31e8ef
.github/workflows/pg-server-response-loss.yml	1a8cb0c90fd5aaba6a66a91b4f59235f0d20deea	3eaa4fe1bf140904acffed9494681d7c552556cdd78a2b78bd9a0d9fe8e499fe
.github/workflows/prospective-merge-gate.yml	88d50bd599ee796b91a9395a768f126383603847	af203799c8fc7bceb4be295fb7b8cba4df5b7a7779a4f2c0a7ff3dba8bfccc0d
.github/workflows/trillionnium-game-merge-gate.yml	6daf51fa40524ae3a74fc86edd718af29cd1ffb7	1f57c57962735e78f85e8d5e0dd0d3334653e25add1e1052222406f7863c9c46
.github/workflows/trnm-server-live.yml	3f29b5ce392c1cfe69085e844c1059540f0c84a8	c6be0b6ab8d5cec07a6ce241340ea79713460194ffb92f3db05e1c2d3bc8d223
docs/governance/REQUIRED_WORKFLOWS_OVERLAY_V1.json	89f0482443f5c286a8d76e82fdeb81519e610730	3f48f823710359831323b41daafa753da5bd65c6643bf94555400976b72d0c81
docs/governance/REQUIRED_WORKFLOWS_V1.json	e52dc8751e6513e5ef7591d38a07524a92357477	1d77bc2f1d0604e58d73e596a546d22550b350272463ce2a6dbc137a258ce1ca
tests/control_plane/test_evidence_retention_workflows.py	aa285368b1f2921083e6c9c2119ec3354a4ed224	305c3daf3f030cb6fce3166b7655999a94ac1b5e5b6d66fc5decee4b348647ec
